Category,Task,Priority,Status,Estimated Effort,File/Location,Notes
Demo Critical,Implement Contribution UI - usePoolContributions hook,1,Not Started,2-3 hours,lib/hooks/usePoolContributions.ts,Hook to manage contribution status and making contributions
Demo Critical,Implement Contribution UI - ContributionModal component,1,Not Started,2-3 hours,components/pools/ContributionModal.tsx,Modal component for making contributions
Demo Critical,Implement Contribution UI - ContributionStatusCard component,1,Not Started,2-3 hours,components/pools/ContributionStatusCard.tsx,Display contribution status for all members
Demo Critical,Add Contributions tab to pool detail page,1,Not Started,2-3 hours,app/pools/[id]/page.tsx,Wire up Make Payment button
Demo Critical,Integrate Payout UI - Add Payouts tab,2,Component exists but not integrated,30 minutes,app/pools/[id]/page.tsx,PoolPayoutsManager component is ready
Demo Critical,Fix Dashboard Contribution Status column logic,3,Incorrect logic,1-2 hours,app/my-pool/page.tsx,Paid This Round column shows wrong data
Demo Critical,Create usePoolDashboardStatus hook,3,Not Started,1-2 hours,lib/hooks/usePoolDashboardStatus.ts,Fetch contribution status for current round
Demo Critical,Mobile Responsiveness audit,4,Partially incomplete,1-2 hours,Multiple pages,Tables not mobile-friendly
Production Critical,Disable TypeScript ignoreBuildErrors,1,Pending,-,next.config.js,Change to false and fix type errors
Production Critical,Disable ESLint ignoreDuringBuilds,1,Pending,-,next.config.js,Change to false and fix lint errors
Production Critical,Integrate error monitoring (Sentry),1,Pending,-,-,Add global error boundary
Production Critical,Environment variable validation on startup,1,Pending,-,-,Prevent start with missing vars
Performance,Configure image optimization with next/image,2,Pending,-,-,-
Performance,Implement code splitting and lazy loading,2,Pending,-,-,-
Performance,Enable server components where applicable,2,Pending,-,-,-
Performance,Add caching headers for static assets,2,Pending,-,-,-
Performance,Implement Incremental Static Regeneration,2,Pending,-,-,-
Performance,Run bundle analyzer for large dependencies,2,Pending,-,-,-
Performance,Add prefetching for critical resources,2,Pending,-,-,-
Security,Add Content Security Policy headers,2,Pending,-,-,-
Security,Implement rate limiting for auth endpoints,2,Pending,-,-,-
Security,Add CSRF protection for all forms,2,Pending,-,-,-
Security,Configure HTTP security headers,2,Pending,-,-,-
Security,Set up brute force protection for login,2,Pending,-,-,-
Security,Implement session timeout and renewal,2,Pending,-,-,-
Security,Regular security scanning with automated tools,2,Pending,-,-,-
Security,Secure MongoDB with proper access controls,2,Pending,-,-,-
Error Handling,Implement structured error boundaries,2,Pending,-,-,-
Error Handling,Create consistent error handling patterns,2,Pending,-,-,-
Error Handling,Set up real-time alerts for critical errors,2,Pending,-,-,-
Error Handling,Add health check endpoints,2,Pending,-,-,-
Error Handling,Create custom error pages (404 and 500),2,Pending,-,-,-
Error Handling,Implement detailed security event logging,2,Pending,-,-,-
CI/CD,Set up GitHub Actions for CI/CD,2,Pending,-,-,-
CI/CD,Implement automated testing in CI pipeline,2,Pending,-,-,-
CI/CD,Create staging and production environments,2,Pending,-,-,-
CI/CD,Configure automated deployments with rollback,2,Pending,-,-,-
CI/CD,Add pre-commit hooks for code quality,2,Pending,-,-,-
CI/CD,Implement deployment previews for PRs,2,Pending,-,-,-
CI/CD,Configure branch protection rules,2,Pending,-,-,-
Environment,Implement environment variable validation,2,Pending,-,-,-
Environment,Set up secrets management,2,Pending,-,-,-
Environment,Create dev/staging/prod configurations,2,Pending,-,-,-
Environment,Add schema validation for env vars,2,Pending,-,-,-
Environment,Create validation script for env completeness,2,Pending,-,-,-
Testing,Set up Jest/React Testing Library,2,Not Started,-,-,-
Testing,Implement integration tests for critical flows,2,Not Started,-,-,-
Testing,Add E2E testing with Cypress or Playwright,2,Not Started,-,-,-
Testing,Set up code coverage reporting,2,Not Started,-,-,-
Testing,Implement accessibility (a11y) testing,2,Not Started,-,-,-
Infrastructure,Create Docker configuration,2,Pending,-,-,-
Infrastructure,Set up database scaling with MongoDB Atlas,2,Pending,-,-,-
Infrastructure,Implement caching strategy (Redis/Vercel KV),2,Pending,-,-,-
Infrastructure,Configure CDN for static assets,2,Pending,-,-,-
Infrastructure,Set up database backups and recovery,2,Pending,-,-,-
Infrastructure,Plan multi-region deployment,2,Pending,-,-,-
Documentation,Create comprehensive API documentation,3,Pending,-,-,-
Documentation,Document database schema and relationships,3,Pending,-,-,-
Documentation,Create user documentation,3,Pending,-,-,-
PayPal,Set up PayPal webhook after production deploy,2,Pending,-,PAYPAL_SETUP.md,Webhook URL: https://juntas-seguras.vercel.app/api/webhooks/paypal
Future Feature,Stripe Payment Collection with PaymentIntent,3,Future,-,-,-
Future Feature,Stripe Connect for Payouts,3,Future,-,-,-
Future Feature,Stripe Webhooks for payment status,3,Future,-,-,-
Future Feature,Stripe Identity Setup,3,Future,-,-,-
Future Feature,Identity Verification UI components,3,Future,-,-,-
Future Feature,Member Position Drag-Drop - install dnd-kit,3,Future,-,-,-
Future Feature,Member Position Drag-Drop - create sortable list,3,Future,-,-,-
Future Feature,Member Position Drag-Drop - save via API,3,Future,-,-,-
Future Feature,Activity Logging - audit current implementation,3,Future,-,-,Fix non-existent endpoints being called
Future Feature,Contribution reminder emails,3,Future,-,-,-
Future Feature,Payout notification emails,3,Future,-,-,-
